<svg xmlns="http://www.w3.org/2000/svg">
	<g id="tool_imagelib">
<svg width="450" height="450" xmlns="http://www.w3.org/2000/svg" xmlns:svg="http://www.w3.org/2000/svg" clip-rule="evenodd">
<defs>
	<style type="text/css">
	<![CDATA[
		.str0 {stroke:#FEFEFE;stroke-width:20}
		.fil2 {fill:none}
		.fil1 {fill:#FEFEFE}
		.fil0 {fill:#1BA1E2}
	]]>
	</style>
</defs>
<g>
	<title>Layer 1</title>
	<g id="Layer_x0020_1">
	<metadata id="CorelCorpID_0Corel-Layer"/>
	<path id="svg_1" d="m450,225l0,225l-224,0c0,0 0,0 0,0c-125,0 -226,-101 -226,-225c0,-126 101,-225 226,-225c124,0 224,99 224,225c0,0 0,0 0,0z" class="fil0"/>
	<polygon id="svg_2" points="204,55 240,172 357,172 262,244 298,361 204,288 109,361 146,244 51,172 168,172 " class="fil1"/>
	<path id="svg_3" d="m329,257c39,0 71,32 71,71c0,39 -32,71 -71,71c-39,0 -71,-32 -71,-71c0,-39 32,-71 71,-71z" class="fil2 str0"/>
	<path id="svg_4" d="m329,257c39,0 71,32 71,71c0,39 -32,71 -71,71c-39,0 -71,-32 -71,-71c0,-39 32,-71 71,-71zm40,58l-24,0l0,-24c0,-7 -6,-13 -13,-13c-8,0 -14,6 -14,13l0,24l-24,0c-7,0 -13,6 -13,13c0,7 6,13 13,13l24,0l0,24c0,7 6,13 14,13c7,0 13,-6 13,-13l0,-24l24,0c8,0 14,-6 14,-13c0,-7 -6,-13 -14,-13z" class="fil0"/>
	<path id="svg_5" d="m369,315l-24,0l0,-24c0,-7 -6,-13 -13,-13c-8,0 -14,6 -14,13l0,24l-24,0c-7,0 -13,6 -13,13c0,7 6,13 13,13l24,0l0,24c0,7 6,13 14,13c7,0 13,-6 13,-13l0,-24l24,0c8,0 14,-6 14,-13c0,-7 -6,-13 -14,-13z" class="fil1"/>
	</g>
</g>
</svg>

	</g>
</svg>
