<svg xmlns="http://www.w3.org/2000/svg">

<g id="tool_eyedropper">
<svg viewBox="0 0 320 320" xmlns="http://www.w3.org/2000/svg" xmlns:xlink="http://www.w3.org/1999/xlink">
 <!-- Created with SVG-edit - http://svg-edit.googlecode.com/ -->
 <defs>
  <radialGradient id="eyedropper_svg_6" cx="0.5" cy="0.5" r="0.5">
   <stop offset="0" stop-color="#ffffff" stop-opacity="1"/>
   <stop offset="1" stop-color="#e5e5e5" stop-opacity="0.38"/>
  </radialGradient>
  <linearGradient id="eyedropper_svg_15" x1="0" y1="0" x2="0.58594" y2="0.55078">
   <stop offset="0" stop-color="#ffffff" stop-opacity="0.57"/>
   <stop offset="1" stop-color="#000056" stop-opacity="1"/>
  </linearGradient>
  <linearGradient id="eyedropper_svg_19" x1="0" y1="0" x2="1" y2="1">
   <stop offset="0" stop-color="#ffffff" stop-opacity="1"/>
   <stop offset="1" stop-color="#ffffff" stop-opacity="0"/>
  </linearGradient>
 </defs>
 <g display="inline">
  <title>Layer 1</title>
  <path d="m193.899994,73l-119.899979,118l-15,39.5l10.25,4.5l43.750015,-20l108.999969,-112l-28.100006,-30z" id="svg_3" fill="none" stroke="#000000" stroke-width="5"/>
  <path d="m58.649994,232c-2.75,28.200012 -26.399994,28.950012 -21.899994,59c4.5,30.049988 55,28 55.5,-1.25c0.5,-29.25 -20.25,-28.75 -22.25,-54.75l-11.350006,-3z" id="svg_4" fill="#aa56ff" stroke="#000000" stroke-width="7"/>
  <path d="m45.474976,269.275024l13.775024,0.474976l-0.75,16.75l-14.25,-1.25l1.224976,-15.974976z" id="svg_5" fill="url(#eyedropper_svg_6)" stroke-width="5" fill-opacity="0.73"/>
  <path d="m217.899994,46c21.5,-101.549999 141.600006,20.449997 28.100006,33l-5,44l-63,-66l39.899994,-11z" id="svg_2" fill="#000000" stroke-width="5"/>
  <path d="m206.825012,61.075008c3.712494,-2.46249 7.637482,-3.53751 14.424988,-5.575008c10.125,-16.5 32.875,-41.5 40.5,-35c7.625,6.5 -21.25,35.625 -37.5,39.25c-5.5,10.125 -8,13.875 -17.25,16.5c-2.837494,-8.162514 -4.262482,-12.337486 -0.174988,-15.174992z" id="svg_7" fill="url(#eyedropper_svg_15)" stroke-width="5"/>
  <path d="m133.049988,134.75l46.950012,9.25l-66,70l-42.5,20.5l-11.5,-5l14,-37.5l59.049988,-57.25z" id="svg_11" fill="#aa56ff" stroke="#000000" stroke-width="7"/>
  <path d="m71.425034,212.350006l9.050888,-20.022537l51.516724,-49.327469l8.507355,0.97197l-69.074966,68.378036z" id="svg_16" fill="url(#eyedropper_svg_19)" stroke-width="5"/>
 </g>
</svg>
</g>
	
	<g id="svg_eof"/>
</svg>